{"planets": [{"x": 0.26069722029618847, "y": 0.7118292621390264, "growth": 4, "ships": 954}, {"x": 0.8027345398952239, "y": 0.22689899300625893, "growth": 1, "ships": 246}]}